User ID,Last Name,First Name,Middle Name,Honorific Prefix,Honorific Suffix,Display Name,Nick Name,Title,User Type,Locale,Preferred Language,TimeZone,Active,Work Email,Primary Email Type,Work Phone,Mobile No,Work Street Address,Work City,Work State,Work Postal Code,Work Country,Federated,Employee Number,Cost Center,Organization,Division,Department,Manager Namedcrane,Crane,Danny,W,dr,suff,Danny Crane,Danny,Mr,Employee,en,en-US,Etc/UTC,TRUE,demoidcs+user1@gmail.com,work,9800000000,9800000001,Plot 8,Belmont,California,201301,US,FALSE,10,I1RB,IN,Division1,D2,sdowns,Downs,Sally,A,dr,suff,Sally Downs,Sally,Mrs,Employee,en,en-US,America/Los_Angeles,TRUE,demoidcs+user2@gmail.com,,9800000000,9800000001,Plot 8,San Mateo,california,201301,US,FALSE,20,I1RB,IN,Division1,D2,gdavis,Davis,Grace,V,dr,suff,Grace Davis,Grace,Ms,Employee,en,fr,Etc/UTC,TRUE,demoidcs+user3@gmail.com,,9800000000,9800000001,Plot 8,belmont,California,201301,US,FALSE,30,I1RB,IN,Division1,D2,jwells,Wells,John,T,dr,suff,John Wells,Jhonny,Mr,Employee,en,en-US,America/Los_Angeles,TRUE,demoidcs+user4@gmail.com,,9800000000,9800000001,Plot 8,Fremont,California,201301,US,FALSE,40,I1RB,IN,Division1,D2,